<?xml version="1.0" encoding="UTF-8" standalone="no"?>
<?fileVersion 4.0.0?><cproject storage_type_id="org.eclipse.cdt.core.XmlProjectDescriptionStorage">
	<storageModule moduleId="org.eclipse.cdt.core.settings">
		<cconfiguration id="cdt.managedbuild.toolchain.gnu.cross.base.943801234">
			<storageModule buildSystemId="org.eclipse.cdt.managedbuilder.core.configurationDataProvider" id="cdt.managedbuild.toolchain.gnu.cross.base.943801234" moduleId="org.eclipse.cdt.core.settings" name="Default">
				<externalSettings/>
				<extensions>
					<extension id="org.eclipse.cdt.core.ELF" point="org.eclipse.cdt.core.BinaryParser"/>
					<extension id="org.eclipse.cdt.core.GmakeErrorParser" point="org.eclipse.cdt.core.ErrorParser"/>
					<extension id="org.eclipse.cdt.core.CWDLocator" point="org.eclipse.cdt.core.ErrorParser"/>
					<extension id="org.eclipse.cdt.core.GCCErrorParser" point="org.eclipse.cdt.core.ErrorParser"/>
					<extension id="org.eclipse.cdt.core.GASErrorParser" point="org.eclipse.cdt.core.ErrorParser"/>
					<extension id="org.eclipse.cdt.core.GLDErrorParser" point="org.eclipse.cdt.core.ErrorParser"/>
				</extensions>
			</storageModule>
			<storageModule moduleId="cdtBuildSystem" version="4.0.0">
				<configuration artifactName="${ProjName}" buildProperties="" description="" id="cdt.managedbuild.toolchain.gnu.cross.base.943801234" name="Default" parent="org.eclipse.cdt.build.core.emptycfg">
					<folderInfo id="cdt.managedbuild.toolchain.gnu.cross.base.943801234.1387884563" name="/" resourcePath="">
						<toolChain id="cdt.managedbuild.toolchain.gnu.cross.base.1194379657" name="Cross GCC" superClass="cdt.managedbuild.toolchain.gnu.cross.base">
							<option id="cdt.managedbuild.option.gnu.cross.prefix.2116201017" name="Prefix" superClass="cdt.managedbuild.option.gnu.cross.prefix"/>
							<option id="cdt.managedbuild.option.gnu.cross.path.279419588" name="Path" superClass="cdt.managedbuild.option.gnu.cross.path"/>
							<targetPlatform archList="all" binaryParser="org.eclipse.cdt.core.ELF" id="cdt.managedbuild.targetPlatform.gnu.cross.1244868743" isAbstract="false" osList="all" superClass="cdt.managedbuild.targetPlatform.gnu.cross"/>
							<builder id="cdt.managedbuild.builder.gnu.cross.226875685" keepEnvironmentInBuildfile="false" managedBuildOn="false" name="Gnu Make Builder" superClass="cdt.managedbuild.builder.gnu.cross"/>
							<tool id="cdt.managedbuild.tool.gnu.cross.c.compiler.279832584" name="Cross GCC Compiler" superClass="cdt.managedbuild.tool.gnu.cross.c.compiler">
								<option id="gnu.c.compiler.option.include.paths.1438687812" name="Include paths (-I)" superClass="gnu.c.compiler.option.include.paths" useByScannerDiscovery="false" valueType="includePath">
									<listOptionValue builtIn="false" value="&quot;${workspace_loc:/stm32-nucleo-f401re-basic-template/Drivers/CMSIS/Device/ST/STM32F4xx/Include}&quot;"/>
									<listOptionValue builtIn="false" value="&quot;${workspace_loc:/stm32-nucleo-f401re-basic-template/Drivers/BSP/STM32F4xx-Nucleo}&quot;"/>
									<listOptionValue builtIn="false" value="&quot;${workspace_loc:/stm32-nucleo-f401re-basic-template/Drivers/STM32F4xx_HAL_Driver/Inc}&quot;"/>
									<listOptionValue builtIn="false" value="&quot;${workspace_loc:/stm32-nucleo-f401re-basic-template/inc}&quot;"/>
								</option>
								<inputType id="cdt.managedbuild.tool.gnu.c.compiler.input.496057470" superClass="cdt.managedbuild.tool.gnu.c.compiler.input"/>
							</tool>
							<tool id="cdt.managedbuild.tool.gnu.cross.cpp.compiler.265397148" name="Cross G++ Compiler" superClass="cdt.managedbuild.tool.gnu.cross.cpp.compiler">
								<option id="gnu.cpp.compiler.option.include.paths.1677077896" name="Include paths (-I)" superClass="gnu.cpp.compiler.option.include.paths" useByScannerDiscovery="false" valueType="includePath">
									<listOptionValue builtIn="false" value="&quot;${workspace_loc:/stm32-nucleo-f401re-basic-template/inc}&quot;"/>
									<listOptionValue builtIn="false" value="&quot;${workspace_loc:/stm32-nucleo-f401re-basic-template/Drivers/CMSIS/Device/ST/STM32F4xx/Include}&quot;"/>
									<listOptionValue builtIn="false" value="&quot;${workspace_loc:/stm32-nucleo-f401re-basic-template/Drivers/STM32F4xx_HAL_Driver/Inc}&quot;"/>
									<listOptionValue builtIn="false" value="&quot;${workspace_loc:/stm32-nucleo-f401re-basic-template/Drivers/BSP/STM32F4xx-Nucleo}&quot;"/>
								</option>
								<inputType id="cdt.managedbuild.tool.gnu.cpp.compiler.input.1998145024" superClass="cdt.managedbuild.tool.gnu.cpp.compiler.input"/>
							</tool>
							<tool id="cdt.managedbuild.tool.gnu.cross.c.linker.235658526" name="Cross GCC Linker" superClass="cdt.managedbuild.tool.gnu.cross.c.linker"/>
							<tool id="cdt.managedbuild.tool.gnu.cross.cpp.linker.475588961" name="Cross G++ Linker" superClass="cdt.managedbuild.tool.gnu.cross.cpp.linker">
								<inputType id="cdt.managedbuild.tool.gnu.cpp.linker.input.487071587" superClass="cdt.managedbuild.tool.gnu.cpp.linker.input">
									<additionalInput kind="additionalinputdependency" paths="$(USER_OBJS)"/>
									<additionalInput kind="additionalinput" paths="$(LIBS)"/>
								</inputType>
							</tool>
							<tool id="cdt.managedbuild.tool.gnu.cross.archiver.1099399783" name="Cross GCC Archiver" superClass="cdt.managedbuild.tool.gnu.cross.archiver"/>
							<tool id="cdt.managedbuild.tool.gnu.cross.assembler.1493191688" name="Cross GCC Assembler" superClass="cdt.managedbuild.tool.gnu.cross.assembler">
								<option id="gnu.both.asm.option.include.paths.607552715" name="Include paths (-I)" superClass="gnu.both.asm.option.include.paths" valueType="includePath">
									<listOptionValue builtIn="false" value="&quot;${workspace_loc:/stm32-nucleo-f103rb-basic-template/Drivers/STM32F4xx_HAL_Driver/Inc}&quot;"/>
									<listOptionValue builtIn="false" value="&quot;${workspace_loc:/stm32-nucleo-f103rb-basic-template/Drivers/CMSIS/Device/ST/STM32F4xx/Include}&quot;"/>
									<listOptionValue builtIn="false" value="&quot;${workspace_loc:/stm32-nucleo-f103rb-basic-template/inc}&quot;"/>
									<listOptionValue builtIn="false" value="&quot;${workspace_loc:/stm32-nucleo-f103rb-basic-template/Drivers/BSP/STM32F4xx-Nucleo}&quot;"/>
								</option>
								<inputType id="cdt.managedbuild.tool.gnu.assembler.input.1188353659" superClass="cdt.managedbuild.tool.gnu.assembler.input"/>
							</tool>
						</toolChain>
					</folderInfo>
				</configuration>
			</storageModule>
			<storageModule moduleId="org.eclipse.cdt.core.externalSettings"/>
		</cconfiguration>
	</storageModule>
	<storageModule moduleId="cdtBuildSystem" version="4.0.0">
		<project id="stm32-nucleo-f401re-basic-template.null.1400171175" name="stm32-nucleo-f401re-basic-template"/>
	</storageModule>
	<storageModule moduleId="org.eclipse.cdt.core.LanguageSettingsProviders"/>
	<storageModule moduleId="refreshScope"/>
	<storageModule moduleId="scannerConfiguration">
		<autodiscovery enabled="true" problemReportingEnabled="true" selectedProfileId=""/>
		<scannerConfigBuildInfo instanceId="cdt.managedbuild.toolchain.gnu.cross.base.943801234;cdt.managedbuild.toolchain.gnu.cross.base.943801234.1387884563;cdt.managedbuild.tool.gnu.cross.c.compiler.279832584;cdt.managedbuild.tool.gnu.c.compiler.input.496057470">
			<autodiscovery enabled="true" problemReportingEnabled="true" selectedProfileId=""/>
		</scannerConfigBuildInfo>
		<scannerConfigBuildInfo instanceId="cdt.managedbuild.toolchain.gnu.cross.base.943801234;cdt.managedbuild.toolchain.gnu.cross.base.943801234.1387884563;cdt.managedbuild.tool.gnu.cross.cpp.compiler.265397148;cdt.managedbuild.tool.gnu.cpp.compiler.input.1998145024">
			<autodiscovery enabled="true" problemReportingEnabled="true" selectedProfileId=""/>
		</scannerConfigBuildInfo>
	</storageModule>
	<storageModule moduleId="org.eclipse.cdt.make.core.buildtargets"/>
</cproject>
